site_id,entity_id,ee_internal_id,acquisition_date,map_projection,projection_zone,datum,resolution,units,number_of_bands,sensor_type
US-xSR,M_3111010_NW_12_030_20231018,3346115,2023-10-18,UTM,12N,NAD83,0.30,METER,4,CNIR
US-xSR,M_3111010_NE_12_030_20231018,3346114,2023-10-18,UTM,12N,NAD83,0.30,METER,4,CNIR
US-xSR,M_3111009_NE_12_030_20231018,3346110,2023-10-18,UTM,12N,NAD83,0.30,METER,4,CNIR
US-xSR,M_3111001_SE_12_030_20231018,3346080,2023-10-18,UTM,12N,NAD83,0.30,METER,4,CNIR
US-xSR,M_3111001_NE_12_030_20231018,3346078,2023-10-18,UTM,12N,NAD83,0.30,METER,4,CNIR
US-xSR,M_3111002_SW_12_030_20231015,3346085,2023-10-15,UTM,12N,NAD83,0.30,METER,4,CNIR
US-xSR,M_3111002_SE_12_030_20231015,3346084,2023-10-15,UTM,12N,NAD83,0.30,METER,4,CNIR
US-xSR,M_3111002_NW_12_030_20231015,3346083,2023-10-15,UTM,12N,NAD83,0.30,METER,4,CNIR
US-xSR,M_3111002_NE_12_030_20231015,3346082,2023-10-15,UTM,12N,NAD83,0.30,METER,4,CNIR
US-xSR,M_3111009_NE_12_060_20211211,3100967,2021-12-11,UTM,12N,NAD83,0.60,METER,4,CNIR
US-xSR,M_3111001_SE_12_060_20211211,3100937,2021-12-11,UTM,12N,NAD83,0.60,METER,4,CNIR
US-xSR,M_3111001_NE_12_060_20211211,3100935,2021-12-11,UTM,12N,NAD83,0.60,METER,4,CNIR
US-xSR,M_3111010_NW_12_060_20211128,3100972,2021-11-28,UTM,12N,NAD83,0.60,METER,4,CNIR
US-xSR,M_3111010_NE_12_060_20211030,3100971,2021-10-30,UTM,12N,NAD83,0.60,METER,4,CNIR
US-xSR,M_3111002_SW_12_060_20211030,3100942,2021-10-30,UTM,12N,NAD83,0.60,METER,4,CNIR
US-xSR,M_3111002_SE_12_060_20211030,3100941,2021-10-30,UTM,12N,NAD83,0.60,METER,4,CNIR
US-xSR,M_3111002_NW_12_060_20211030,3100940,2021-10-30,UTM,12N,NAD83,0.60,METER,4,CNIR
US-xSR,M_3111002_NE_12_060_20211030,3100939,2021-10-30,UTM,12N,NAD83,0.60,METER,4,CNIR
US-xSR,M_3111009_NE_12_060_20190616,3043244,2019-06-16,UTM,12N,NAD83,0.60,METER,4,CNIR
US-xSR,M_3111001_SE_12_060_20190616,3043261,2019-06-16,UTM,12N,NAD83,0.60,METER,4,CNIR
US-xSR,M_3111001_NE_12_060_20190616,3043256,2019-06-16,UTM,12N,NAD83,0.60,METER,4,CNIR
US-xSR,M_3111010_NW_12_060_20190615,3043282,2019-06-15,UTM,12N,NAD83,0.60,METER,4,CNIR
US-xSR,M_3111010_NE_12_060_20190615,3043249,2019-06-15,UTM,12N,NAD83,0.60,METER,4,CNIR
US-xSR,M_3111002_SW_12_060_20190615,3043257,2019-06-15,UTM,12N,NAD83,0.60,METER,4,CNIR
US-xSR,M_3111002_SE_12_060_20190615,3043276,2019-06-15,UTM,12N,NAD83,0.60,METER,4,CNIR
US-xSR,M_3111002_NW_12_060_20190615,3043245,2019-06-15,UTM,12N,NAD83,0.60,METER,4,CNIR
US-xSR,M_3111002_NE_12_060_20190615,3043260,2019-06-15,UTM,12N,NAD83,0.60,METER,4,CNIR
US-xSR,M_3111010_NE_12_H_20170618,2504115,2017-06-18,UTM,12N,NAD83,0.60,METER,4,CNIR
US-xSR,M_3111002_NW_12_H_20170618,2504103,2017-06-18,UTM,12N,NAD83,0.60,METER,4,CNIR
US-xSR,M_3111002_NE_12_H_20170618,2504102,2017-06-18,UTM,12N,NAD83,0.60,METER,4,CNIR
US-xSR,M_3111001_NE_12_H_20170618,2504098,2017-06-18,UTM,12N,NAD83,0.60,METER,4,CNIR
US-xSR,M_3111010_NW_12_H_20170611,2504116,2017-06-11,UTM,12N,NAD83,0.60,METER,4,CNIR
US-xSR,M_3111009_NE_12_H_20170611,2504050,2017-06-11,UTM,12N,NAD83,0.60,METER,4,CNIR
US-xSR,M_3111002_SW_12_H_20170611,2504105,2017-06-11,UTM,12N,NAD83,0.60,METER,4,CNIR
US-xSR,M_3111001_SE_12_H_20170611,2504100,2017-06-11,UTM,12N,NAD83,0.60,METER,4,CNIR
US-xSR,M_3111002_SE_12_H_20170610,2504104,2017-06-10,UTM,12N,NAD83,0.60,METER,4,CNIR
US-xSR,M_3111010_NE_12_1_20150926,2033891,2015-09-26,UTM,12N,NAD83,1.00,METER,4,CNIR
US-xSR,M_3111002_SW_12_1_20150926,2033881,2015-09-26,UTM,12N,NAD83,1.00,METER,4,CNIR
US-xSR,M_3111002_SE_12_1_20150926,2033880,2015-09-26,UTM,12N,NAD83,1.00,METER,4,CNIR
US-xSR,M_3111002_NE_12_1_20150926,2033878,2015-09-26,UTM,12N,NAD83,1.00,METER,4,CNIR
US-xSR,M_3111010_NW_12_1_20150702,2033892,2015-07-02,UTM,12N,NAD83,1.00,METER,4,CNIR
US-xSR,M_3111009_NE_12_1_20150702,2033887,2015-07-02,UTM,12N,NAD83,1.00,METER,4,CNIR
US-xSR,M_3111001_SE_12_1_20150702,2033876,2015-07-02,UTM,12N,NAD83,1.00,METER,4,CNIR
US-xSR,M_3111001_NE_12_1_20150702,2033874,2015-07-02,UTM,12N,NAD83,1.00,METER,4,CNIR
US-xSR,M_3111002_NW_12_1_20150530,2033879,2015-05-30,UTM,12N,NAD83,1.00,METER,4,CNIR
US-xSR,M_3111010_NW_12_1_20130608,1549657,2013-06-08,UTM,12N,NAD83,1.00,METER,4,CNIR
US-xSR,M_3111009_NE_12_1_20130608,1549652,2013-06-08,UTM,12N,NAD83,1.00,METER,4,CNIR
US-xSR,M_3111002_SW_12_1_20130608,1549575,2013-06-08,UTM,12N,NAD83,1.00,METER,4,CNIR
US-xSR,M_3111002_NW_12_1_20130608,1549573,2013-06-08,UTM,12N,NAD83,1.00,METER,4,CNIR
US-xSR,M_3111001_SE_12_1_20130608,1549562,2013-06-08,UTM,12N,NAD83,1.00,METER,4,CNIR
US-xSR,M_3111001_NE_12_1_20130608,1549660,2013-06-08,UTM,12N,NAD83,1.00,METER,4,CNIR
US-xSR,M_3111010_NE_12_1_20130607,1549656,2013-06-07,UTM,12N,NAD83,1.00,METER,4,CNIR
US-xSR,M_3111002_SE_12_1_20130607,1549574,2013-06-07,UTM,12N,NAD83,1.00,METER,4,CNIR
US-xSR,M_3111002_NE_12_1_20130607,1549572,2013-06-07,UTM,12N,NAD83,1.00,METER,4,CNIR
US-xSR,M_3111010_NW_12_1_20100614,278510,2010-06-14,UTM,12N,NAD83,1.00,METER,4,CNIR
US-xSR,M_3111010_NE_12_1_20100614,278511,2010-06-14,UTM,12N,NAD83,1.00,METER,4,CNIR
US-xSR,M_3111009_NE_12_1_20100614,278515,2010-06-14,UTM,12N,NAD83,1.00,METER,4,CNIR
US-xSR,M_3111002_SW_12_1_20100614,278540,2010-06-14,UTM,12N,NAD83,1.00,METER,4,CNIR
US-xSR,M_3111002_SE_12_1_20100614,278541,2010-06-14,UTM,12N,NAD83,1.00,METER,4,CNIR
US-xSR,M_3111002_NW_12_1_20100614,278542,2010-06-14,UTM,12N,NAD83,1.00,METER,4,CNIR
US-xSR,M_3111002_NE_12_1_20100614,278543,2010-06-14,UTM,12N,NAD83,1.00,METER,4,CNIR
US-xSR,M_3111001_SE_12_1_20100614,278545,2010-06-14,UTM,12N,NAD83,1.00,METER,4,CNIR
US-xSR,M_3111001_NE_12_1_20100614,278547,2010-06-14,UTM,12N,NAD83,1.00,METER,4,CNIR
US-xSR,M_3111010_NW_12_1_20070625,1103512,2007-06-25,UTM,12N,NAD83,1.00,METER,4,CNIR
US-xSR,M_3111010_NE_12_1_20070625,1103511,2007-06-25,UTM,12N,NAD83,1.00,METER,4,CNIR
US-xSR,M_3111009_NE_12_1_20070625,1103507,2007-06-25,UTM,12N,NAD83,1.00,METER,4,CNIR
US-xSR,M_3111002_SW_12_1_20070625,1103484,2007-06-25,UTM,12N,NAD83,1.00,METER,4,CNIR
US-xSR,M_3111002_SE_12_1_20070625,1103483,2007-06-25,UTM,12N,NAD83,1.00,METER,4,CNIR
US-xSR,M_3111002_NW_12_1_20070625,1103482,2007-06-25,UTM,12N,NAD83,1.00,METER,4,CNIR
US-xSR,M_3111002_NE_12_1_20070625,1103481,2007-06-25,UTM,12N,NAD83,1.00,METER,4,CNIR
US-xSR,M_3111001_SE_12_1_20070625,1103479,2007-06-25,UTM,12N,NAD83,1.00,METER,4,CNIR
US-xSR,M_3111001_NE_12_1_20070625,1103477,2007-06-25,UTM,12N,NAD83,1.00,METER,4,CNIR
US-Wkg,M_3110917_NW_12_030_20231016,3345966,2023-10-16,UTM,12N,NAD83,0.30,METER,4,CNIR
US-Wkg,M_3110917_NE_12_030_20231016,3345965,2023-10-16,UTM,12N,NAD83,0.30,METER,4,CNIR
US-Wkg,M_3110909_SW_12_030_20231016,3345937,2023-10-16,UTM,12N,NAD83,0.30,METER,4,CNIR
US-Wkg,M_3110909_SE_12_030_20231016,3345936,2023-10-16,UTM,12N,NAD83,0.30,METER,4,CNIR
US-Wkg,M_3110917_NE_12_060_20220102,3100822,2022-01-02,UTM,12N,NAD83,0.60,METER,4,CNIR
US-Wkg,M_3110909_SE_12_060_20220102,3100793,2022-01-02,UTM,12N,NAD83,0.60,METER,4,CNIR
US-Wkg,M_3110917_NW_12_060_20211128,3100823,2021-11-28,UTM,12N,NAD83,0.60,METER,4,CNIR
US-Wkg,M_3110909_SW_12_060_20211128,3100794,2021-11-28,UTM,12N,NAD83,0.60,METER,4,CNIR
US-Wkg,M_3110917_NW_12_060_20190615,3041489,2019-06-15,UTM,12N,NAD83,0.60,METER,4,CNIR
US-Wkg,M_3110917_NE_12_060_20190615,3041486,2019-06-15,UTM,12N,NAD83,0.60,METER,4,CNIR
US-Wkg,M_3110909_SW_12_060_20190615,3041390,2019-06-15,UTM,12N,NAD83,0.60,METER,4,CNIR
US-Wkg,M_3110909_SE_12_060_20190615,3041389,2019-06-15,UTM,12N,NAD83,0.60,METER,4,CNIR
US-Wkg,M_3110917_NE_12_H_20170618,2503805,2017-06-18,UTM,12N,NAD83,0.60,METER,4,CNIR
US-Wkg,M_3110909_SW_12_H_20170618,2503865,2017-06-18,UTM,12N,NAD83,0.60,METER,4,CNIR
US-Wkg,M_3110909_SE_12_H_20170618,2503864,2017-06-18,UTM,12N,NAD83,0.60,METER,4,CNIR
US-Wkg,M_3110917_NW_12_H_20170610,2503806,2017-06-10,UTM,12N,NAD83,0.60,METER,4,CNIR
US-Wkg,M_3110917_NW_12_1_20150621,2033541,2015-06-21,UTM,12N,NAD83,1.00,METER,4,CNIR
US-Wkg,M_3110917_NE_12_1_20150621,2033540,2015-06-21,UTM,12N,NAD83,1.00,METER,4,CNIR
US-Wkg,M_3110909_SW_12_1_20150621,2033688,2015-06-21,UTM,12N,NAD83,1.00,METER,4,CNIR
US-Wkg,M_3110909_SE_12_1_20150621,2033687,2015-06-21,UTM,12N,NAD83,1.00,METER,4,CNIR
US-Wkg,M_3110917_NW_12_1_20130608,1549423,2013-06-08,UTM,12N,NAD83,1.00,METER,4,CNIR
US-Wkg,M_3110917_NE_12_1_20130608,1549422,2013-06-08,UTM,12N,NAD83,1.00,METER,4,CNIR
US-Wkg,M_3110909_SW_12_1_20130608,1549385,2013-06-08,UTM,12N,NAD83,1.00,METER,4,CNIR
US-Wkg,M_3110909_SE_12_1_20130608,1549384,2013-06-08,UTM,12N,NAD83,1.00,METER,4,CNIR
US-Wkg,M_3110917_NW_12_1_20100604,278379,2010-06-04,UTM,12N,NAD83,1.00,METER,4,CNIR
US-Wkg,M_3110917_NE_12_1_20100604,278380,2010-06-04,UTM,12N,NAD83,1.00,METER,4,CNIR
US-Wkg,M_3110909_SW_12_1_20100604,278409,2010-06-04,UTM,12N,NAD83,1.00,METER,4,CNIR
US-Wkg,M_3110909_SE_12_1_20100604,278410,2010-06-04,UTM,12N,NAD83,1.00,METER,4,CNIR
US-Wkg,M_3110917_NW_12_1_20070625,1103118,2007-06-25,UTM,12N,NAD83,1.00,METER,4,CNIR
US-Wkg,M_3110917_NE_12_1_20070625,1103117,2007-06-25,UTM,12N,NAD83,1.00,METER,4,CNIR
US-Wkg,M_3110909_SW_12_1_20070625,1103078,2007-06-25,UTM,12N,NAD83,1.00,METER,4,CNIR
US-Wkg,M_3110909_SE_12_1_20070625,1103077,2007-06-25,UTM,12N,NAD83,1.00,METER,4,CNIR
US-xKZ,M_3909659_SE_14_030_20230606,3364506,2023-06-06,UTM,14N,NAD83,0.30,METER,4,CNIR
US-xKZ,M_3909659_NE_14_030_20230606,3364504,2023-06-06,UTM,14N,NAD83,0.30,METER,4,CNIR
US-xKZ,M_3909651_SE_14_030_20230606,3364474,2023-06-06,UTM,14N,NAD83,0.30,METER,4,CNIR
US-xKZ,M_3909661_NW_14_030_20230520,3364513,2023-05-20,UTM,14N,NAD83,0.30,METER,4,CNIR
US-xKZ,M_3909660_SW_14_030_20230520,3364511,2023-05-20,UTM,14N,NAD83,0.30,METER,4,CNIR
US-xKZ,M_3909660_SE_14_030_20230520,3364510,2023-05-20,UTM,14N,NAD83,0.30,METER,4,CNIR
US-xKZ,M_3909660_NW_14_030_20230520,3364509,2023-05-20,UTM,14N,NAD83,0.30,METER,4,CNIR
US-xKZ,M_3909660_NE_14_030_20230520,3364508,2023-05-20,UTM,14N,NAD83,0.30,METER,4,CNIR
US-xKZ,M_3909653_SW_14_030_20230520,3364483,2023-05-20,UTM,14N,NAD83,0.30,METER,4,CNIR
US-xKZ,M_3909652_SW_14_030_20230520,3364479,2023-05-20,UTM,14N,NAD83,0.30,METER,4,CNIR
US-xKZ,M_3909652_SE_14_030_20230520,3364478,2023-05-20,UTM,14N,NAD83,0.30,METER,4,CNIR
US-xKZ,M_3909660_SW_14_060_20210824,3139717,2021-08-24,UTM,14N,NAD83,0.60,METER,4,CNIR
US-xKZ,M_3909660_SE_14_060_20210824,3139716,2021-08-24,UTM,14N,NAD83,0.60,METER,4,CNIR
US-xKZ,M_3909660_NW_14_060_20210824,3139715,2021-08-24,UTM,14N,NAD83,0.60,METER,4,CNIR
US-xKZ,M_3909660_NE_14_060_20210824,3139714,2021-08-24,UTM,14N,NAD83,0.60,METER,4,CNIR
US-xKZ,M_3909659_SE_14_060_20210824,3139712,2021-08-24,UTM,14N,NAD83,0.60,METER,4,CNIR
US-xKZ,M_3909659_NE_14_060_20210824,3139710,2021-08-24,UTM,14N,NAD83,0.60,METER,4,CNIR
US-xKZ,M_3909652_SW_14_060_20210824,3139685,2021-08-24,UTM,14N,NAD83,0.60,METER,4,CNIR
US-xKZ,M_3909652_SE_14_060_20210824,3139684,2021-08-24,UTM,14N,NAD83,0.60,METER,4,CNIR
US-xKZ,M_3909661_NW_14_060_20190718,2883946,2019-07-18,UTM,14N,NAD83,0.60,METER,4,CNIR
US-xKZ,M_3909653_SW_14_060_20190718,2883916,2019-07-18,UTM,14N,NAD83,0.60,METER,4,CNIR
US-xKZ,M_3909660_SW_14_060_20190710,2883944,2019-07-10,UTM,14N,NAD83,0.60,METER,4,CNIR
US-xKZ,M_3909660_SE_14_060_20190710,2883943,2019-07-10,UTM,14N,NAD83,0.60,METER,4,CNIR
US-xKZ,M_3909660_NW_14_060_20190710,2883942,2019-07-10,UTM,14N,NAD83,0.60,METER,4,CNIR
US-xKZ,M_3909660_NE_14_060_20190710,2883941,2019-07-10,UTM,14N,NAD83,0.60,METER,4,CNIR
US-xKZ,M_3909659_SE_14_060_20190710,2883939,2019-07-10,UTM,14N,NAD83,0.60,METER,4,CNIR
US-xKZ,M_3909659_NE_14_060_20190710,2883937,2019-07-10,UTM,14N,NAD83,0.60,METER,4,CNIR
US-xKZ,M_3909652_SW_14_060_20190710,2883912,2019-07-10,UTM,14N,NAD83,0.60,METER,4,CNIR
US-xKZ,M_3909652_SE_14_060_20190710,2883911,2019-07-10,UTM,14N,NAD83,0.60,METER,4,CNIR
US-xKZ,M_3909651_SE_14_060_20190710,2883907,2019-07-10,UTM,14N,NAD83,0.60,METER,4,CNIR
US-xKZ,M_3909659_NE_14_1_20170817,2457645,2017-08-17,UTM,14N,NAD83,1.00,METER,4,CNIR
US-xKZ,M_3909661_NW_14_1_20170711,2457603,2017-07-11,UTM,14N,NAD83,1.00,METER,4,CNIR
US-xKZ,M_3909660_SW_14_1_20170711,2457652,2017-07-11,UTM,14N,NAD83,1.00,METER,4,CNIR
US-xKZ,M_3909660_SE_14_1_20170711,2457651,2017-07-11,UTM,14N,NAD83,1.00,METER,4,CNIR
US-xKZ,M_3909660_NW_14_1_20170711,2457650,2017-07-11,UTM,14N,NAD83,1.00,METER,4,CNIR
US-xKZ,M_3909660_NE_14_1_20170711,2457649,2017-07-11,UTM,14N,NAD83,1.00,METER,4,CNIR
US-xKZ,M_3909659_SE_14_1_20170711,2457647,2017-07-11,UTM,14N,NAD83,1.00,METER,4,CNIR
US-xKZ,M_3909653_SW_14_1_20170711,2457751,2017-07-11,UTM,14N,NAD83,1.00,METER,4,CNIR
US-xKZ,M_3909652_SW_14_1_20170711,2457601,2017-07-11,UTM,14N,NAD83,1.00,METER,4,CNIR
US-xKZ,M_3909652_SE_14_1_20170711,2457552,2017-07-11,UTM,14N,NAD83,1.00,METER,4,CNIR
US-xKZ,M_3909651_SE_14_1_20170711,2457548,2017-07-11,UTM,14N,NAD83,1.00,METER,4,CNIR
US-xKZ,M_3909661_NW_14_1_20150820,2012349,2015-08-20,UTM,14N,NAD83,1.00,METER,4,CNIR
US-xKZ,M_3909653_SW_14_1_20150820,2012531,2015-08-20,UTM,14N,NAD83,1.00,METER,4,CNIR
US-xKZ,M_3909652_SE_14_1_20150820,2012526,2015-08-20,UTM,14N,NAD83,1.00,METER,4,CNIR
US-xKZ,M_3909660_SW_14_1_20150813,2012347,2015-08-13,UTM,14N,NAD83,1.00,METER,4,CNIR
US-xKZ,M_3909660_SE_14_1_20150813,2012346,2015-08-13,UTM,14N,NAD83,1.00,METER,4,CNIR
US-xKZ,M_3909660_NW_14_1_20150813,2012345,2015-08-13,UTM,14N,NAD83,1.00,METER,4,CNIR
US-xKZ,M_3909660_NE_14_1_20150813,2012344,2015-08-13,UTM,14N,NAD83,1.00,METER,4,CNIR
US-xKZ,M_3909659_SE_14_1_20150813,2012342,2015-08-13,UTM,14N,NAD83,1.00,METER,4,CNIR
US-xKZ,M_3909659_NE_14_1_20150813,2012340,2015-08-13,UTM,14N,NAD83,1.00,METER,4,CNIR
US-xKZ,M_3909652_SW_14_1_20150811,2012527,2015-08-11,UTM,14N,NAD83,1.00,METER,4,CNIR
US-xKZ,M_3909651_SE_14_1_20150811,2012407,2015-08-11,UTM,14N,NAD83,1.00,METER,4,CNIR
US-xKZ,M_3909661_NW_14_1_20140709,1719208,2014-07-09,UTM,14N,NAD83,1.00,METER,4,CNIR
US-xKZ,M_3909660_SW_14_1_20140709,1719206,2014-07-09,UTM,14N,NAD83,1.00,METER,4,CNIR
US-xKZ,M_3909660_SE_14_1_20140709,1719205,2014-07-09,UTM,14N,NAD83,1.00,METER,4,CNIR
US-xKZ,M_3909660_NW_14_1_20140709,1719204,2014-07-09,UTM,14N,NAD83,1.00,METER,4,CNIR
US-xKZ,M_3909660_NE_14_1_20140709,1719203,2014-07-09,UTM,14N,NAD83,1.00,METER,4,CNIR
US-xKZ,M_3909659_SE_14_1_20140709,1719201,2014-07-09,UTM,14N,NAD83,1.00,METER,4,CNIR
US-xKZ,M_3909659_NE_14_1_20140709,1719199,2014-07-09,UTM,14N,NAD83,1.00,METER,4,CNIR
US-xKZ,M_3909653_SW_14_1_20140709,1719306,2014-07-09,UTM,14N,NAD83,1.00,METER,4,CNIR
US-xKZ,M_3909652_SW_14_1_20140709,1719302,2014-07-09,UTM,14N,NAD83,1.00,METER,4,CNIR
US-xKZ,M_3909652_SE_14_1_20140709,1719301,2014-07-09,UTM,14N,NAD83,1.00,METER,4,CNIR
US-xKZ,M_3909651_SE_14_1_20140709,1719297,2014-07-09,UTM,14N,NAD83,1.00,METER,4,CNIR
US-xKZ,M_3909661_NW_14_1_20120622,126221,2012-06-22,UTM,14N,NAD83,1.00,METER,4,CNIR
US-xKZ,M_3909660_SW_14_1_20120622,126281,2012-06-22,UTM,14N,NAD83,1.00,METER,4,CNIR
US-xKZ,M_3909660_SE_14_1_20120622,126259,2012-06-22,UTM,14N,NAD83,1.00,METER,4,CNIR
US-xKZ,M_3909660_NW_14_1_20120622,126265,2012-06-22,UTM,14N,NAD83,1.00,METER,4,CNIR
US-xKZ,M_3909660_NE_14_1_20120622,126294,2012-06-22,UTM,14N,NAD83,1.00,METER,4,CNIR
US-xKZ,M_3909659_SE_14_1_20120622,126231,2012-06-22,UTM,14N,NAD83,1.00,METER,4,CNIR
US-xKZ,M_3909659_NE_14_1_20120622,126323,2012-06-22,UTM,14N,NAD83,1.00,METER,4,CNIR
US-xKZ,M_3909653_SW_14_1_20120622,126345,2012-06-22,UTM,14N,NAD83,1.00,METER,4,CNIR
US-xKZ,M_3909652_SW_14_1_20120622,126176,2012-06-22,UTM,14N,NAD83,1.00,METER,4,CNIR
US-xKZ,M_3909652_SE_14_1_20120622,126128,2012-06-22,UTM,14N,NAD83,1.00,METER,4,CNIR
US-xKZ,M_3909651_SE_14_1_20120622,126212,2012-06-22,UTM,14N,NAD83,1.00,METER,4,CNIR
US-xKZ,M_3909660_NW_14_1_20100727,288058,2010-07-27,UTM,14N,NAD83,1.00,METER,4,CNIR
US-xKZ,M_3909659_NE_14_1_20100727,288053,2010-07-27,UTM,14N,NAD83,1.00,METER,4,CNIR
US-xKZ,M_3909652_SW_14_1_20100727,288028,2010-07-27,UTM,14N,NAD83,1.00,METER,4,CNIR
US-xKZ,M_3909652_SE_14_1_20100727,288027,2010-07-27,UTM,14N,NAD83,1.00,METER,4,CNIR
US-xKZ,M_3909651_SE_14_1_20100727,288023,2010-07-27,UTM,14N,NAD83,1.00,METER,4,CNIR
US-xKZ,M_3909661_NW_14_1_20100723,288062,2010-07-23,UTM,14N,NAD83,1.00,METER,4,CNIR
US-xKZ,M_3909660_SW_14_1_20100723,288060,2010-07-23,UTM,14N,NAD83,1.00,METER,4,CNIR
US-xKZ,M_3909660_SE_14_1_20100723,288059,2010-07-23,UTM,14N,NAD83,1.00,METER,4,CNIR
US-xKZ,M_3909660_NE_14_1_20100723,288057,2010-07-23,UTM,14N,NAD83,1.00,METER,4,CNIR
US-xKZ,M_3909659_SE_14_1_20100723,288055,2010-07-23,UTM,14N,NAD83,1.00,METER,4,CNIR
US-xKZ,M_3909653_SW_14_1_20100723,288032,2010-07-23,UTM,14N,NAD83,1.00,METER,4,CNIR
US-xKZ,M_3909661_NW_14_1_20080713,1072617,2008-07-13,UTM,14N,NAD83,1.00,METER,4,CNIR
US-xKZ,M_3909660_SW_14_1_20080713,1072615,2008-07-13,UTM,14N,NAD83,1.00,METER,4,CNIR
US-xKZ,M_3909660_SE_14_1_20080713,1072614,2008-07-13,UTM,14N,NAD83,1.00,METER,4,CNIR
US-xKZ,M_3909660_NW_14_1_20080713,1072431,2008-07-13,UTM,14N,NAD83,1.00,METER,4,CNIR
US-xKZ,M_3909660_NE_14_1_20080713,1072613,2008-07-13,UTM,14N,NAD83,1.00,METER,4,CNIR
US-xKZ,M_3909653_SW_14_1_20080713,1072589,2008-07-13,UTM,14N,NAD83,1.00,METER,4,CNIR
US-xKZ,M_3909652_SW_14_1_20080713,1072586,2008-07-13,UTM,14N,NAD83,1.00,METER,4,CNIR
US-xKZ,M_3909652_SE_14_1_20080713,1072585,2008-07-13,UTM,14N,NAD83,1.00,METER,4,CNIR
US-xKZ,M_3909659_SE_14_1_20080710,1072611,2008-07-10,UTM,14N,NAD83,1.00,METER,4,CNIR
US-xKZ,M_3909659_NE_14_1_20080710,1072609,2008-07-10,UTM,14N,NAD83,1.00,METER,4,CNIR
US-xKZ,M_3909651_SE_14_1_20080710,1072581,2008-07-10,UTM,14N,NAD83,1.00,METER,4,CNIR
US-xKZ,N_3909661_NW_14_1_20060706,1201856,2006-07-06,UTM,14N,NAD83,1.00,METER,3,CLR
US-xKZ,N_3909660_SW_14_1_20060706,1201854,2006-07-06,UTM,14N,NAD83,1.00,METER,3,CLR
US-xKZ,N_3909660_SE_14_1_20060706,1201853,2006-07-06,UTM,14N,NAD83,1.00,METER,3,CLR
US-xKZ,N_3909660_NW_14_1_20060706,1201669,2006-07-06,UTM,14N,NAD83,1.00,METER,3,CLR
US-xKZ,N_3909660_NE_14_1_20060706,1201852,2006-07-06,UTM,14N,NAD83,1.00,METER,3,CLR
US-xKZ,N_3909659_SE_14_1_20060706,1201850,2006-07-06,UTM,14N,NAD83,1.00,METER,3,CLR
US-xKZ,N_3909659_NE_14_1_20060706,1201848,2006-07-06,UTM,14N,NAD83,1.00,METER,3,CLR
US-xKZ,N_3909653_SW_14_1_20060706,1201828,2006-07-06,UTM,14N,NAD83,1.00,METER,3,CLR
US-xKZ,N_3909652_SW_14_1_20060706,1201825,2006-07-06,UTM,14N,NAD83,1.00,METER,3,CLR
US-xKZ,N_3909652_SE_14_1_20060706,1201824,2006-07-06,UTM,14N,NAD83,1.00,METER,3,CLR
US-xKZ,N_3909651_SE_14_1_20060706,1201820,2006-07-06,UTM,14N,NAD83,1.00,METER,3,CLR
