year,month,US-ARM_archive,US-ARM_new,US-ARM_total,US-Mpj_archive,US-Mpj_new,US-Mpj_total,US-xKZ_archive,US-xKZ_new,US-xKZ_total,US-SRG_archive,US-SRG_new,US-SRG_total,US-SRM_archive,US-SRM_new,US-SRM_total,US-Ses_archive,US-Ses_new,US-Ses_total,US-Wkg_archive,US-Wkg_new,US-Wkg_total,US-Whs_archive,US-Whs_new,US-Whs_total,US-Wjs_archive,US-Wjs_new,US-Wjs_total
2016,7,0,0,0,0,0,0,0,0,0,0,0,0,0,0,0,0,0,0,0,0,0,0,0,0,8,0,8
2016,8,0,0,0,0,0,0,0,0,0,0,0,0,0,0,0,0,0,0,0,0,0,0,0,0,4,0,4
2016,9,0,0,0,0,0,0,0,0,0,0,0,0,0,0,0,0,0,0,0,0,0,0,0,0,30,0,30
2016,10,0,0,0,0,0,0,0,0,0,0,0,0,0,0,0,0,0,0,0,0,0,0,0,0,30,0,30
2016,11,0,0,0,0,0,0,0,0,0,0,0,0,0,0,0,0,0,0,0,0,0,0,0,0,8,0,8
2016,12,0,0,0,0,0,0,0,0,0,0,0,0,0,0,0,0,0,0,0,0,0,0,0,0,20,0,20
2017,1,0,0,0,0,0,0,0,0,0,0,0,0,0,0,0,0,0,0,0,0,0,0,0,0,18,0,18
2017,2,0,0,0,0,0,0,0,0,0,0,0,0,0,0,0,0,0,0,0,0,0,0,0,0,18,0,18
2017,3,0,0,0,0,0,0,0,0,0,0,0,0,0,0,0,0,0,0,0,0,0,0,0,0,36,0,36
2017,4,0,0,0,0,0,0,0,0,0,0,0,0,0,0,0,0,0,0,0,0,0,0,0,0,66,0,66
2017,5,0,0,0,0,0,0,0,0,0,0,0,0,0,0,0,0,0,0,0,0,0,0,0,0,49,0,49
2017,6,0,0,0,0,0,0,0,0,0,0,0,0,0,0,0,0,0,0,0,0,0,0,0,0,193,0,193
2017,7,0,0,0,0,0,0,0,0,0,0,0,0,0,0,0,0,0,0,0,0,0,0,0,0,180,0,180
2017,8,0,0,0,0,0,0,0,0,0,0,0,0,0,0,0,0,0,0,0,0,0,0,0,0,107,0,107
2017,9,0,0,0,0,0,0,0,0,0,0,0,0,0,0,0,0,0,0,0,0,0,0,0,0,138,0,138
2017,10,0,0,0,0,0,0,0,0,0,0,0,0,0,0,0,0,0,0,0,0,0,0,0,0,251,0,251
2017,11,0,0,0,0,0,0,0,0,0,0,0,0,0,0,0,0,0,0,0,0,0,0,0,0,180,0,180
2017,12,0,0,0,0,0,0,0,0,0,0,0,0,0,0,0,0,0,0,0,0,0,0,0,0,130,0,130
2018,1,0,0,0,0,0,0,0,0,0,0,0,0,0,0,0,0,0,0,0,0,0,0,0,0,158,0,158
2018,2,0,0,0,0,0,0,0,0,0,0,0,0,0,0,0,0,0,0,0,0,0,0,0,0,157,0,157
2018,3,0,0,0,0,0,0,0,0,0,0,0,0,0,0,0,0,0,0,0,0,0,0,0,0,147,0,147
2018,4,0,0,0,0,0,0,0,0,0,0,0,0,0,0,0,0,0,0,0,0,0,0,0,0,138,0,138
2018,5,0,0,0,0,0,0,0,0,0,0,0,0,0,0,0,0,0,0,0,0,0,0,0,0,110,0,110
2018,6,0,0,0,0,0,0,0,0,0,0,0,0,0,0,0,0,0,0,0,0,0,0,0,0,220,0,220
2018,7,0,0,0,0,0,0,0,0,0,0,0,0,0,0,0,0,0,0,0,0,0,0,0,0,294,0,294
2018,8,0,0,0,0,0,0,0,0,0,0,0,0,0,0,0,0,0,0,0,0,0,0,0,0,333,0,333
2018,9,0,0,0,0,0,0,0,0,0,0,0,0,0,0,0,0,0,0,0,0,0,0,0,0,300,0,300
2018,10,0,0,0,0,0,0,0,0,0,0,0,0,0,0,0,0,0,0,0,0,0,0,0,0,270,0,270
2018,11,0,0,0,0,0,0,0,0,0,0,0,0,0,0,0,0,0,0,0,0,0,0,0,0,261,0,261
2018,12,0,0,0,0,0,0,0,0,0,0,0,0,0,0,0,0,0,0,0,0,0,0,0,0,276,0,276
2019,1,0,0,0,0,0,0,0,0,0,0,0,0,0,0,0,0,0,0,0,0,0,0,0,0,192,0,192
2019,2,0,0,0,0,0,0,0,0,0,0,0,0,0,0,0,0,0,0,0,0,0,0,0,0,300,0,300
2019,3,0,0,0,0,0,0,0,0,0,0,0,0,0,0,0,0,0,0,0,0,0,0,0,0,294,0,294
2019,4,0,0,0,0,0,0,0,0,0,0,0,0,0,0,0,0,0,0,0,0,0,0,0,0,321,0,321
2019,5,0,0,0,0,0,0,0,0,0,0,0,0,0,0,0,0,0,0,0,0,0,0,0,0,339,0,339
2019,6,0,0,0,0,0,0,0,0,0,0,0,0,0,0,0,0,0,0,0,0,0,0,0,0,315,0,315
2019,7,0,0,0,0,0,0,0,0,0,0,0,0,0,0,0,0,0,0,0,0,0,0,0,0,258,0,258
2019,8,0,0,0,0,0,0,0,0,0,0,0,0,0,0,0,0,0,0,0,0,0,0,0,0,330,0,330
2019,9,0,0,0,0,0,0,0,0,0,0,0,0,0,0,0,0,0,0,0,0,0,0,0,0,252,0,252
2019,10,0,0,0,0,0,0,0,0,0,0,0,0,0,0,0,0,0,0,0,0,0,0,0,0,258,0,258
2019,11,0,0,0,0,0,0,0,0,0,0,0,0,0,0,0,0,0,0,0,0,0,0,0,0,207,0,207
2019,12,0,0,0,0,0,0,0,0,0,0,0,0,0,0,0,0,0,0,0,0,0,0,0,0,261,0,261
2020,1,0,0,0,0,0,0,0,0,0,0,0,0,0,0,0,0,0,0,0,0,0,0,0,0,240,0,240
2020,2,0,0,0,0,0,0,0,0,0,0,0,0,0,0,0,0,0,0,0,0,0,0,0,0,180,0,180
2020,3,0,0,0,0,0,0,0,0,0,0,0,0,0,0,0,0,0,0,0,0,0,0,0,0,252,0,252
2020,4,0,0,0,0,0,0,0,0,0,0,0,0,0,0,0,0,0,0,0,0,0,0,0,0,348,0,348
2020,5,0,0,0,0,0,0,0,0,0,0,0,0,0,0,0,0,0,0,0,0,0,0,0,0,369,0,369
2020,6,0,0,0,0,0,0,0,0,0,0,0,0,0,0,0,0,0,0,0,0,0,0,0,0,420,0,420
2020,7,0,0,0,0,0,0,0,0,0,0,0,0,0,0,0,0,0,0,0,0,0,0,0,0,264,0,264
2020,8,0,0,0,0,0,0,0,0,0,0,0,0,0,0,0,0,0,0,0,0,0,0,0,0,306,0,306
2020,9,0,0,0,0,0,0,0,0,0,0,0,0,0,0,0,0,0,0,0,0,0,0,0,0,276,0,276
2020,10,0,0,0,0,0,0,0,0,0,0,0,0,0,0,0,0,0,0,0,0,0,0,0,0,351,0,351
2020,11,0,0,0,0,0,0,0,0,0,0,0,0,0,0,0,0,0,0,0,0,0,0,0,0,384,0,384
2020,12,0,0,0,0,0,0,0,0,0,0,0,0,0,0,0,0,0,0,0,0,0,0,0,0,286,0,286
2021,1,99,0,99,189,0,189,135,0,135,240,0,240,237,0,237,228,0,228,240,0,240,258,0,258,252,0,252
2021,2,144,0,144,231,0,231,207,0,207,312,0,312,315,0,315,192,0,192,246,0,246,225,0,225,240,0,240
2021,3,219,0,219,369,0,369,228,0,228,399,0,399,375,0,375,399,0,399,336,0,336,312,0,312,345,0,345
2021,4,242,0,242,390,0,390,249,0,249,369,0,369,330,0,330,360,0,360,366,0,366,375,0,375,294,0,294
2021,5,101,0,101,372,0,372,78,0,78,444,0,444,444,0,444,423,0,423,444,0,444,414,0,414,354,0,354
2021,6,234,0,234,288,0,288,243,0,243,303,0,303,327,0,327,342,0,342,324,0,324,375,0,375,363,0,363
2021,7,219,0,219,321,0,321,269,0,269,240,0,240,246,0,246,312,0,312,291,0,291,252,0,252,342,0,342
2021,8,323,0,323,372,0,372,306,0,306,309,0,309,309,0,309,339,0,339,360,0,360,402,0,402,273,0,273
2021,9,318,0,318,294,0,294,228,0,228,330,0,330,348,0,348,309,0,309,252,0,252,237,0,237,366,0,366
2021,10,240,0,240,288,0,288,225,0,225,294,0,294,291,0,291,345,0,345,402,0,402,351,0,351,390,0,390
2021,11,228,0,228,300,0,300,186,0,186,204,0,204,240,0,240,312,0,312,270,0,270,293,0,293,273,0,273
2021,12,183,0,183,177,0,177,174,0,174,204,0,204,198,0,198,162,0,162,192,0,192,207,0,207,162,0,162
2022,1,120,0,120,186,0,186,165,0,165,207,0,207,174,0,174,216,0,216,230,210,440,243,0,243,315,248,563
2022,2,0,0,0,0,0,0,0,0,0,0,0,0,0,0,0,0,0,0,0,238,238,0,0,0,0,168,168
2022,3,0,0,0,0,0,0,0,0,0,0,0,0,0,0,0,0,0,0,0,212,212,0,0,0,0,176,176
2022,4,0,0,0,0,0,0,0,0,0,0,0,0,0,0,0,0,0,0,0,158,158,0,0,0,0,164,164
2022,5,0,0,0,0,0,0,0,0,0,0,0,0,0,0,0,0,0,0,0,136,136,0,0,0,0,178,178
2022,6,0,0,0,0,0,0,0,0,0,0,0,0,0,0,0,0,0,0,0,108,108,0,0,0,0,110,110
2022,7,0,0,0,0,0,0,0,0,0,0,0,0,0,0,0,0,0,0,0,108,108,0,0,0,0,148,148
2022,8,0,0,0,0,0,0,0,0,0,0,0,0,0,0,0,0,0,0,0,98,98,0,0,0,0,68,68
2022,9,0,0,0,0,0,0,0,0,0,0,0,0,0,0,0,0,0,0,0,116,116,0,0,0,0,144,144
2022,10,0,0,0,0,0,0,0,0,0,0,0,0,0,0,0,0,0,0,0,138,138,0,0,0,0,104,104
2022,11,0,0,0,0,0,0,0,0,0,0,0,0,0,0,0,0,0,0,0,142,142,0,0,0,0,112,112
2022,12,0,0,0,0,0,0,0,0,0,0,0,0,0,0,0,0,0,0,0,144,144,0,0,0,0,128,128
2023,1,0,0,0,0,0,0,0,0,0,0,0,0,0,0,0,0,0,0,0,122,122,0,0,0,0,136,136
2023,2,0,0,0,0,0,0,0,0,0,0,0,0,0,0,0,0,0,0,0,120,120,0,0,0,0,138,138
2023,3,0,0,0,0,0,0,0,0,0,0,0,0,0,0,0,0,0,0,0,128,128,0,0,0,0,136,136
2023,4,0,0,0,0,0,0,0,0,0,0,0,0,0,0,0,0,0,0,0,182,182,0,0,0,0,194,194
2023,5,0,0,0,0,0,0,0,0,0,0,0,0,0,0,0,0,0,0,0,148,148,0,0,0,0,160,160
2023,6,0,0,0,0,0,0,0,0,0,0,0,0,0,0,0,0,0,0,0,126,126,0,0,0,0,126,126
2023,7,0,0,0,0,0,0,0,0,0,0,0,0,0,0,0,0,0,0,0,132,132,0,0,0,0,128,128
2023,8,0,0,0,0,0,0,0,0,0,0,0,0,0,0,0,0,0,0,0,94,94,0,0,0,0,106,106
2023,9,0,0,0,0,0,0,0,0,0,0,0,0,0,0,0,0,0,0,0,134,134,0,0,0,0,108,108
2023,10,0,0,0,0,0,0,0,0,0,0,0,0,0,0,0,0,0,0,0,120,120,0,0,0,0,106,106
2023,11,0,0,0,0,0,0,0,0,0,0,0,0,0,0,0,0,0,0,0,142,142,0,0,0,0,122,122
2023,12,0,0,0,0,0,0,0,0,0,0,0,0,0,0,0,0,0,0,0,154,154,0,0,0,0,154,154
2024,1,0,0,0,0,0,0,0,0,0,0,0,0,0,0,0,0,0,0,0,138,138,0,0,0,0,134,134
2024,2,0,0,0,0,0,0,0,0,0,0,0,0,0,0,0,0,0,0,0,104,104,0,0,0,0,106,106
2024,3,0,0,0,0,0,0,0,0,0,0,0,0,0,0,0,0,0,0,0,154,154,0,0,0,0,162,162
2024,4,0,0,0,0,0,0,0,0,0,0,0,0,0,0,0,0,0,0,0,136,136,0,0,0,0,132,132
2024,5,0,0,0,0,0,0,0,0,0,0,0,0,0,0,0,0,0,0,0,166,166,0,0,0,0,196,196
2024,6,0,0,0,0,0,0,0,0,0,0,0,0,0,0,0,0,0,0,0,136,136,0,0,0,0,106,106
2024,7,0,0,0,0,0,0,0,0,0,0,0,0,0,0,0,0,0,0,0,148,148,0,0,0,0,148,148
2024,8,0,0,0,0,0,0,0,0,0,0,0,0,0,0,0,0,0,0,0,132,132,0,0,0,0,142,142
2024,9,0,0,0,0,0,0,0,0,0,0,0,0,0,0,0,0,0,0,0,136,136,0,0,0,0,130,130
2024,10,0,0,0,0,0,0,0,0,0,0,0,0,0,0,0,0,0,0,0,150,150,0,0,0,0,146,146
2024,11,0,0,0,0,0,0,0,0,0,0,0,0,0,0,0,0,0,0,0,126,126,0,0,0,0,76,76
2024,12,0,0,0,0,0,0,0,0,0,0,0,0,0,0,0,0,0,0,0,166,166,0,0,0,0,134,134
2025,1,0,0,0,0,0,0,0,0,0,0,0,0,0,0,0,0,0,0,0,156,156,0,0,0,0,120,120
2025,2,0,0,0,0,0,0,0,0,0,0,0,0,0,0,0,0,0,0,0,156,156,0,0,0,0,144,144
2025,3,0,0,0,0,0,0,0,0,0,0,0,0,0,0,0,0,0,0,0,158,158,0,0,0,0,152,152
2025,4,0,0,0,0,0,0,0,0,0,0,0,0,0,0,0,0,0,0,0,170,170,0,0,0,0,148,148
2025,5,0,0,0,0,0,0,0,0,0,0,0,0,0,0,0,0,0,0,0,110,110,0,0,0,0,104,104
2025,6,0,0,0,0,0,0,0,0,0,0,0,0,0,0,0,0,0,0,0,162,162,0,0,0,0,134,134
2025,7,0,0,0,0,0,0,0,0,0,0,0,0,0,0,0,0,0,0,0,124,124,0,0,0,0,122,122
2025,8,0,0,0,0,0,0,0,0,0,0,0,0,0,0,0,0,0,0,0,148,148,0,0,0,0,116,116
2025,9,0,0,0,0,0,0,0,0,0,0,0,0,0,0,0,0,0,0,0,90,90,0,0,0,0,110,110
2025,10,0,0,0,0,0,0,0,0,0,0,0,0,0,0,0,0,0,0,0,132,132,0,0,0,0,130,130
2025,11,0,0,0,0,0,0,0,0,0,0,0,0,0,0,0,0,0,0,0,110,110,0,0,0,0,140,140
2025,12,0,0,0,0,0,0,0,0,0,0,0,0,0,0,0,0,0,0,0,168,168,0,0,0,0,186,186
2026,1,0,0,0,0,0,0,0,0,0,0,0,0,0,0,0,0,0,0,0,146,146,0,0,0,0,216,216
2026,2,0,0,0,0,0,0,0,0,0,0,0,0,0,0,0,0,0,0,0,134,134,0,0,0,0,172,172
2026,3,0,0,0,0,0,0,0,0,0,0,0,0,0,0,0,0,0,0,0,146,146,0,0,0,0,202,202
2026,4,0,0,0,0,0,0,0,0,0,0,0,0,0,0,0,0,0,0,0,86,86,0,0,0,0,154,154
2026,5,0,0,0,0,0,0,0,0,0,0,0,0,0,0,0,0,0,0,0,104,104,0,0,0,0,130,130
2026,6,0,0,0,0,0,0,0,0,0,0,0,0,0,0,0,0,0,0,0,44,44,0,0,0,0,52,52
